N,P,K,temperature,humidity,ph,rainfall,label,zone
98.5,35.4,47.8,32.8,76.0,5.44,331.2,rice,terai
91.4,41.9,37.5,32.6,95.6,5.92,380.0,rice,terai
100.3,36.6,45.4,27.1,96.3,5.88,316.0,rice,terai
87.2,49.7,42.0,28.7,87.5,6.09,342.8,rice,terai
99.7,44.7,56.8,28.8,86.3,5.61,355.0,rice,terai
107.9,41.3,37.6,27.5,94.7,6.16,351.5,rice,terai
87.4,43.5,43.8,30.7,96.3,5.98,358.1,rice,terai
95.8,43.8,47.1,25.6,87.7,5.73,293.9,rice,terai
91.9,51.4,37.4,32.9,77.9,5.78,332.9,rice,terai
101.7,46.5,48.1,29.0,86.7,6.2,315.7,rice,terai
80.5,34.9,37.1,31.5,91.0,6.14,304.2,rice,terai
96.8,45.9,41.0,31.4,85.2,5.77,306.4,rice,terai
81.4,45.1,40.0,30.0,93.5,6.06,357.4,rice,terai
93.9,39.3,42.5,24.9,79.6,5.43,276.4,rice,terai
99.6,36.3,40.6,33.9,87.4,6.16,279.5,rice,terai
92.7,36.0,40.8,32.5,77.6,6.05,336.6,rice,terai
88.2,32.9,43.5,28.4,91.7,5.91,403.1,rice,terai
92.3,35.6,44.2,30.7,99.8,6.2,342.4,rice,terai
111.7,34.5,38.9,27.2,87.2,5.41,356.0,rice,terai
92.5,32.7,36.4,30.9,96.0,6.61,467.1,rice,terai
99.7,35.8,29.2,30.8,84.1,5.75,295.2,rice,terai
93.4,48.7,44.0,29.5,82.5,5.31,301.3,rice,terai
94.4,53.1,43.8,32.9,86.4,5.48,278.0,rice,terai
86.7,55.4,37.7,32.5,83.5,6.23,343.8,rice,terai
93.2,41.7,38.8,31.3,86.7,5.47,262.7,rice,terai
97.0,51.9,44.0,29.6,92.1,6.36,335.7,rice,terai
90.3,49.0,45.8,34.6,91.3,5.47,258.3,rice,terai
113.8,52.9,41.8,28.9,100.0,5.51,281.4,rice,terai
102.3,39.5,43.0,29.5,92.4,6.4,329.4,rice,terai
102.3,29.1,42.7,27.5,81.2,5.59,308.7,rice,terai
105.4,33.6,43.2,28.5,87.6,6.25,351.2,rice,terai
110.2,41.0,38.5,29.3,91.7,5.96,272.1,rice,terai
96.0,43.4,59.2,35.6,83.9,5.8,253.7,rice,terai
88.3,44.0,50.8,27.8,85.3,5.14,317.1,rice,terai
82.9,38.7,37.3,29.7,77.3,5.38,428.8,rice,terai
80.3,35.1,54.8,38.7,81.6,5.77,341.7,rice,terai
114.7,35.8,41.4,32.3,93.1,5.77,318.5,rice,terai
79.3,40.5,41.3,30.7,86.0,6.07,374.4,rice,terai
96.8,44.2,43.3,30.0,84.8,6.01,320.3,rice,terai
118.9,51.9,45.5,27.7,82.0,6.32,337.8,rice,terai
100.5,31.0,49.0,27.2,74.7,5.83,259.9,rice,hill
95.6,40.2,42.3,25.3,83.0,6.53,153.8,rice,hill
92.3,43.1,44.9,25.0,70.5,6.12,314.8,rice,hill
77.5,47.4,40.9,25.8,75.1,5.88,298.8,rice,hill
101.6,52.9,50.6,27.1,93.4,6.16,281.0,rice,hill
91.6,42.4,38.5,28.6,74.3,6.28,242.9,rice,hill
108.4,46.7,54.7,27.9,71.7,5.98,206.0,rice,hill
89.1,51.5,47.1,24.2,75.4,6.01,204.4,rice,hill
87.3,44.0,50.5,27.6,67.0,6.11,252.7,rice,hill
99.7,52.2,29.7,24.5,85.9,5.43,305.3,rice,hill
99.2,47.3,39.3,28.1,89.0,6.08,258.8,rice,hill
98.1,36.6,42.0,25.6,84.5,6.36,210.3,rice,hill
93.6,51.3,38.2,23.9,83.3,6.3,250.4,rice,hill
110.2,47.4,48.4,27.4,97.3,5.93,174.9,rice,hill
113.3,39.1,43.7,29.4,71.5,5.55,190.0,rice,hill
85.9,44.8,46.4,26.7,72.7,5.17,252.0,rice,hill
89.6,44.9,47.5,26.4,87.0,6.08,269.9,rice,hill
87.0,40.9,44.3,28.1,79.4,6.19,240.0,rice,hill
93.7,47.2,30.1,22.6,72.3,5.16,224.6,rice,hill
103.5,40.2,44.3,28.8,90.7,5.98,300.8,rice,hill
96.1,36.7,39.2,22.2,76.2,5.87,280.1,rice,hill
114.6,33.3,45.5,23.3,85.1,5.95,181.3,rice,hill
105.6,38.2,39.6,23.2,77.7,6.15,242.9,rice,hill
98.7,44.3,51.5,25.1,72.3,6.38,237.6,rice,hill
107.7,44.4,42.2,26.9,94.8,6.75,252.6,rice,hill
96.8,48.8,37.5,26.9,81.8,6.11,218.7,rice,hill
76.9,28.9,35.8,24.8,80.1,6.7,291.5,rice,hill
84.0,44.2,40.4,25.3,83.2,6.22,237.3,rice,hill
107.1,34.8,43.0,32.8,83.5,6.52,253.4,rice,hill
101.6,41.6,41.9,24.0,84.8,5.69,275.0,rice,hill
107.4,44.3,41.2,27.2,80.0,6.34,181.3,rice,hill
91.2,29.5,33.4,29.5,87.9,5.74,193.7,rice,hill
61.2,38.6,58.6,27.1,78.3,6.17,191.5,rice,hill
91.6,42.6,42.4,28.1,84.3,6.24,224.2,rice,hill
105.2,52.3,36.7,23.7,90.8,5.93,302.6,rice,hill
90.0,51.2,43.8,26.7,92.3,5.87,214.7,rice,hill
89.9,44.8,32.9,27.7,78.5,6.41,160.2,rice,hill
86.0,31.4,37.7,26.6,80.8,5.91,244.0,rice,hill
97.3,35.6,47.6,27.7,84.5,6.2,261.1,rice,hill
118.2,41.5,41.0,24.0,75.2,5.55,216.7,rice,hill
84.3,57.8,45.3,25.9,78.3,6.37,139.6,maize,terai
78.3,59.5,46.3,23.9,72.6,6.2,123.7,maize,terai
86.9,43.0,54.0,31.5,71.5,6.23,91.3,maize,terai
73.2,52.6,37.8,30.0,84.7,5.67,125.0,maize,terai
87.4,68.3,36.7,28.7,83.6,5.5,115.5,maize,terai
80.7,50.7,50.5,28.7,62.6,6.29,130.6,maize,terai
98.0,49.8,40.7,29.5,77.5,6.26,106.8,maize,terai
90.5,46.5,46.6,24.0,75.6,5.8,115.5,maize,terai
92.3,57.0,40.9,32.1,70.4,6.11,148.8,maize,terai
78.7,58.9,41.4,26.8,81.0,5.72,91.2,maize,terai
101.4,76.0,42.3,22.6,71.2,6.0,138.9,maize,terai
73.6,59.8,48.5,23.8,77.1,6.85,146.7,maize,terai
81.6,53.8,49.2,23.2,74.0,5.96,182.6,maize,terai
83.2,68.8,37.5,29.6,74.9,5.78,146.8,maize,terai
97.4,52.3,33.6,28.0,67.7,5.97,141.2,maize,terai
67.6,41.7,48.3,26.5,58.0,6.39,148.8,maize,terai
77.7,44.1,50.6,29.0,86.9,6.25,151.3,maize,terai
83.3,61.7,49.2,31.5,70.0,5.94,132.7,maize,terai
93.1,67.4,41.9,26.8,74.8,6.01,163.4,maize,terai
62.0,48.2,39.7,21.5,67.4,5.77,138.7,maize,terai
96.4,53.0,38.0,27.8,79.1,5.74,123.5,maize,terai
90.7,53.2,49.4,28.0,77.1,5.72,142.7,maize,terai
82.9,45.0,34.4,29.9,71.0,5.73,140.9,maize,terai
96.5,36.2,34.9,25.4,81.5,6.2,159.5,maize,terai
73.4,45.8,48.0,28.2,76.2,6.03,149.0,maize,terai
86.6,61.4,50.4,23.5,59.9,6.47,168.5,maize,terai
74.6,39.7,45.7,30.6,83.5,6.29,135.0,maize,terai
75.9,55.1,43.0,25.2,85.0,6.75,167.4,maize,terai
75.6,62.1,49.3,29.2,80.3,6.33,158.9,maize,terai
91.5,57.8,33.0,28.2,69.8,5.63,179.1,maize,terai
102.6,66.2,46.7,31.8,73.1,6.17,119.5,maize,terai
89.0,55.5,36.2,27.9,72.5,6.76,162.2,maize,terai
85.1,57.1,45.3,27.4,66.7,6.04,127.0,maize,terai
72.2,59.2,47.6,23.0,72.3,6.46,165.7,maize,terai
95.5,55.3,39.3,25.0,75.0,6.24,170.6,maize,terai
96.2,53.9,36.6,27.1,74.3,6.03,130.6,maize,terai
87.6,50.8,40.8,28.9,70.7,6.19,148.9,maize,terai
73.4,51.0,54.7,24.7,60.6,5.42,143.6,maize,terai
85.3,54.0,53.2,20.5,75.3,6.67,118.8,maize,terai
81.1,48.8,39.0,27.1,81.3,6.77,135.8,maize,terai
104.4,55.3,56.8,23.8,65.7,6.34,162.5,maize,hill
93.7,49.2,51.5,23.1,62.5,6.54,110.5,maize,hill
87.8,55.1,47.3,25.0,54.9,6.45,93.8,maize,hill
70.3,54.5,45.6,22.3,69.3,5.7,103.3,maize,hill
79.0,54.6,46.9,21.6,68.8,6.22,78.8,maize,hill
65.0,54.9,43.5,23.8,64.9,6.28,125.6,maize,hill
73.7,45.3,37.6,24.7,71.5,6.04,68.7,maize,hill
67.6,48.1,41.2,23.0,65.2,6.08,127.3,maize,hill
78.1,47.9,48.2,20.3,67.0,6.24,107.6,maize,hill
101.2,49.9,58.9,23.5,58.4,6.23,92.2,maize,hill
77.3,58.3,48.8,22.5,70.1,6.63,133.7,maize,hill
90.4,66.2,32.3,23.2,60.5,6.24,100.6,maize,hill
83.3,70.5,43.9,25.0,63.8,6.23,110.1,maize,hill
89.6,64.6,56.1,24.7,68.1,5.77,108.6,maize,hill
94.6,62.1,46.4,26.1,67.6,6.65,114.8,maize,hill
81.4,57.8,25.2,24.9,46.0,5.56,117.5,maize,hill
89.9,45.4,40.2,27.3,62.5,7.03,110.0,maize,hill
89.2,68.3,45.9,21.6,64.4,6.19,87.5,maize,hill
82.4,48.9,51.2,24.1,63.5,6.16,113.7,maize,hill
91.3,46.8,38.0,26.7,62.9,5.67,117.3,maize,hill
89.7,42.4,46.5,25.8,66.9,6.44,86.8,maize,hill
88.4,52.5,41.7,26.1,72.7,6.87,131.7,maize,hill
83.9,57.9,50.2,24.3,65.7,6.51,109.0,maize,hill
77.6,51.6,49.3,24.0,66.8,6.45,103.8,maize,hill
92.7,58.1,36.7,27.5,62.4,5.58,92.8,maize,hill
74.6,55.4,43.2,23.2,68.2,6.33,115.2,maize,hill
89.2,60.1,30.8,23.1,53.7,6.21,109.9,maize,hill
95.7,64.8,46.4,22.8,67.5,6.0,110.0,maize,hill
95.1,50.4,50.4,25.6,60.0,6.56,121.5,maize,hill
86.0,48.7,39.2,22.7,67.8,5.84,117.2,maize,hill
72.3,53.3,45.7,29.9,57.8,6.75,112.5,maize,hill
89.2,56.0,48.0,23.6,72.6,6.03,128.7,maize,hill
78.4,54.5,37.8,25.1,72.5,6.17,106.8,maize,hill
73.6,53.1,34.2,21.8,66.2,6.69,156.4,maize,hill
79.0,66.8,46.6,23.6,67.2,6.22,111.8,maize,hill
80.8,43.5,34.6,25.6,63.6,5.98,110.1,maize,hill
93.1,56.5,40.6,26.9,73.2,6.38,126.1,maize,hill
97.7,64.3,49.1,25.4,67.7,5.79,121.6,maize,hill
71.2,48.4,53.8,26.0,72.7,6.1,91.0,maize,hill
82.5,55.8,45.5,26.7,63.1,6.33,93.7,maize,hill
76.2,46.8,33.9,16.6,54.2,5.9,97.5,maize,mountain
71.4,45.0,26.2,15.5,53.8,5.75,93.0,maize,mountain
70.8,55.8,38.6,17.1,54.6,6.0,96.9,maize,mountain
52.1,32.7,35.1,17.0,58.0,6.17,72.6,maize,mountain
81.1,54.0,39.3,18.6,56.2,5.8,85.1,maize,mountain
73.2,46.8,46.7,12.8,48.8,5.57,72.8,maize,mountain
70.0,36.2,32.6,15.5,65.8,6.65,72.2,maize,mountain
69.1,38.7,27.3,16.8,50.6,5.97,58.5,maize,mountain
65.6,47.8,40.4,17.7,49.2,6.31,67.8,maize,mountain
77.7,46.7,30.4,16.5,56.6,6.22,75.4,maize,mountain
85.5,53.8,36.8,18.3,63.5,6.71,62.8,maize,mountain
64.2,57.2,32.2,14.8,52.9,6.15,75.8,maize,mountain
66.6,42.0,34.2,15.5,65.0,6.11,87.2,maize,mountain
68.0,45.4,34.2,12.5,48.9,5.35,51.0,maize,mountain
61.9,56.0,38.0,19.2,56.8,6.28,66.6,maize,mountain
76.8,51.9,34.9,18.0,57.5,5.8,64.0,maize,mountain
62.0,47.4,40.1,15.7,55.1,6.21,84.1,maize,mountain
85.7,55.7,32.5,19.9,52.7,6.38,77.8,maize,mountain
68.7,34.1,37.3,14.3,59.3,6.55,67.8,maize,mountain
74.9,41.7,34.6,18.3,54.8,6.63,71.4,maize,mountain
80.9,47.4,42.8,16.2,54.8,5.96,67.3,maize,mountain
78.0,51.3,41.7,19.6,61.4,5.87,81.3,maize,mountain
66.8,46.9,34.8,19.8,56.6,5.92,90.8,maize,mountain
53.4,32.6,42.8,17.1,56.1,5.52,76.7,maize,mountain
89.6,52.5,39.2,16.3,53.3,5.23,80.0,maize,mountain
79.6,35.7,34.5,15.0,50.8,6.02,52.9,maize,mountain
77.6,52.0,36.8,12.8,50.6,6.44,44.9,maize,mountain
69.2,38.5,42.9,15.9,56.8,6.2,98.2,maize,mountain
70.5,49.4,29.7,19.0,51.7,5.8,76.7,maize,mountain
58.7,48.4,43.8,17.5,48.0,5.96,85.6,maize,mountain
56.0,39.2,43.3,17.5,56.8,6.67,82.4,maize,mountain
78.0,65.8,37.0,15.6,56.9,6.16,70.9,maize,mountain
63.3,62.9,40.1,15.8,59.0,5.96,74.1,maize,mountain
77.1,37.7,40.3,20.3,57.1,5.86,71.1,maize,mountain
68.7,45.0,36.1,18.6,47.4,6.31,72.6,maize,mountain
75.5,38.8,45.9,19.1,59.2,5.45,86.6,maize,mountain
75.8,35.5,38.1,17.6,57.4,6.06,80.4,maize,mountain
85.0,55.3,21.8,16.5,54.3,5.37,78.1,maize,mountain
83.1,39.1,40.2,15.4,52.0,6.53,70.7,maize,mountain
76.3,33.6,48.9,18.0,54.2,6.21,60.7,maize,mountain
114.2,47.6,31.0,20.9,60.1,6.67,81.0,wheat,terai
107.8,49.9,34.5,21.1,74.2,5.8,92.8,wheat,terai
116.4,43.6,42.7,24.2,67.9,6.41,75.5,wheat,terai
97.5,52.9,38.7,22.4,58.4,6.72,88.8,wheat,terai
107.9,55.6,30.7,20.0,58.6,5.77,80.8,wheat,terai
99.0,46.7,17.8,19.3,68.6,6.14,82.2,wheat,terai
83.3,60.8,31.3,22.6,74.7,6.98,74.4,wheat,terai
92.9,47.6,34.4,21.8,61.0,6.96,76.7,wheat,terai
127.6,50.7,40.6,22.8,67.9,6.12,68.0,wheat,terai
105.5,57.4,32.2,19.2,56.1,5.85,57.3,wheat,terai
101.3,58.4,31.9,17.0,62.0,6.34,102.5,wheat,terai
82.5,47.1,40.2,23.0,65.8,6.44,81.9,wheat,terai
109.3,43.9,36.2,19.0,64.7,6.47,70.8,wheat,terai
99.7,45.3,26.9,21.2,57.4,6.52,64.5,wheat,terai
108.5,41.1,29.3,20.6,69.7,6.53,75.5,wheat,terai
106.0,34.2,31.8,26.4,63.7,6.43,84.4,wheat,terai
110.7,35.0,23.9,22.5,59.4,6.9,74.3,wheat,terai
76.8,40.5,18.8,21.5,62.1,6.24,90.6,wheat,terai
114.4,48.7,21.8,23.4,65.8,6.52,89.5,wheat,terai
86.0,65.1,27.4,23.6,54.5,6.04,95.7,wheat,terai
96.9,56.3,33.1,21.8,69.9,6.31,57.2,wheat,terai
90.4,54.1,33.9,18.6,59.3,6.18,73.7,wheat,terai
83.5,45.3,28.5,23.7,67.1,6.34,73.4,wheat,terai
101.7,43.9,26.5,19.9,59.8,5.95,79.9,wheat,terai
108.8,38.1,32.1,21.5,64.7,6.4,61.0,wheat,terai
84.9,50.2,36.9,17.1,64.7,6.86,76.2,wheat,terai
106.6,44.7,31.4,18.4,51.2,6.76,66.5,wheat,terai
94.5,39.6,25.2,21.6,59.3,6.55,83.3,wheat,terai
103.9,51.8,39.6,19.7,62.7,6.83,92.8,wheat,terai
82.9,47.7,38.5,23.1,64.0,6.32,73.5,wheat,terai
103.5,48.1,31.8,22.2,59.6,6.6,112.1,wheat,terai
78.7,52.4,28.4,23.3,63.2,6.69,91.8,wheat,terai
102.3,58.5,20.7,25.5,64.9,6.81,63.7,wheat,terai
90.0,51.1,31.9,22.6,68.5,5.72,89.4,wheat,terai
100.1,48.5,24.9,23.1,50.8,6.65,60.5,wheat,terai
100.6,49.1,37.6,21.6,59.5,6.21,92.9,wheat,terai
106.4,47.1,30.9,18.6,65.0,5.72,86.8,wheat,terai
101.5,67.9,26.7,21.8,72.1,6.86,69.9,wheat,terai
102.7,50.0,33.4,20.5,62.5,5.79,79.6,wheat,terai
105.4,48.3,24.2,24.2,64.8,6.12,74.7,wheat,terai
82.0,42.3,29.4,20.2,52.2,6.75,55.2,wheat,hill
103.0,48.9,36.2,17.0,48.1,5.96,55.2,wheat,hill
85.0,53.1,29.8,22.3,47.4,6.58,49.8,wheat,hill
94.1,51.1,20.8,18.4,63.4,6.32,62.3,wheat,hill
112.3,48.8,29.2,13.9,57.8,6.46,50.9,wheat,hill
101.5,45.6,29.5,19.1,49.1,6.91,47.4,wheat,hill
92.0,64.4,37.4,18.2,50.9,6.29,60.7,wheat,hill
100.5,49.3,31.9,17.6,48.7,6.3,68.2,wheat,hill
83.6,48.6,28.1,18.2,53.3,7.08,64.6,wheat,hill
84.3,55.0,28.3,17.0,56.4,6.31,68.0,wheat,hill
90.7,45.4,28.8,17.0,59.8,6.75,75.4,wheat,hill
127.2,42.3,32.3,15.9,51.6,6.25,50.5,wheat,hill
87.4,48.9,26.2,19.5,51.0,7.6,55.9,wheat,hill
100.9,40.3,40.2,20.0,56.3,5.97,61.9,wheat,hill
86.5,61.0,35.9,18.2,44.3,6.12,66.2,wheat,hill
114.6,58.3,24.4,18.5,59.5,5.85,59.9,wheat,hill
103.3,47.7,23.1,17.4,53.6,6.44,54.9,wheat,hill
94.7,49.7,34.1,17.5,53.2,6.54,42.7,wheat,hill
105.7,50.0,32.2,19.7,46.4,5.73,62.5,wheat,hill
99.9,51.3,29.8,19.2,59.1,6.69,57.7,wheat,hill
74.7,55.8,37.9,19.2,51.1,6.76,67.7,wheat,hill
118.7,43.4,30.9,19.3,55.3,6.06,63.7,wheat,hill
106.9,50.7,33.1,17.5,61.5,6.15,54.7,wheat,hill
100.1,56.6,24.8,15.6,46.0,6.51,49.9,wheat,hill
95.4,55.0,28.9,18.4,53.7,6.76,64.3,wheat,hill
91.7,48.7,37.0,18.7,48.9,6.76,50.2,wheat,hill
117.0,57.7,33.4,18.3,54.1,6.76,56.7,wheat,hill
102.8,56.5,29.3,16.9,49.7,6.08,43.5,wheat,hill
108.8,63.6,38.8,15.1,58.2,7.05,55.9,wheat,hill
101.2,34.9,33.3,16.1,55.9,5.89,64.9,wheat,hill
112.3,44.1,26.5,14.1,53.8,6.27,46.0,wheat,hill
105.4,46.6,26.8,17.0,59.7,6.74,58.8,wheat,hill
107.4,41.3,32.2,18.3,52.9,6.67,53.0,wheat,hill
106.1,54.1,18.0,20.1,41.6,6.26,69.2,wheat,hill
96.2,39.0,26.8,19.8,46.5,6.94,59.5,wheat,hill
85.7,45.6,27.1,19.6,58.2,5.83,56.4,wheat,hill
89.6,59.7,25.5,20.9,54.9,6.05,53.9,wheat,hill
90.4,40.4,32.5,15.8,45.4,6.35,43.8,wheat,hill
91.0,43.2,27.8,21.6,55.2,6.6,44.0,wheat,hill
92.2,51.6,27.1,19.6,49.7,6.39,54.7,wheat,hill
102.0,72.3,95.9,21.5,73.4,5.56,121.2,potato,terai
98.9,74.8,111.9,21.5,76.1,5.43,146.8,potato,terai
83.9,89.2,71.6,22.5,87.8,5.56,120.0,potato,terai
93.3,80.4,96.2,20.3,76.2,5.46,103.5,potato,terai
90.3,63.7,105.9,23.2,79.4,5.71,118.5,potato,terai
104.7,83.6,98.6,20.8,91.8,5.25,105.3,potato,terai
105.2,83.0,78.9,24.5,77.4,5.04,137.9,potato,terai
107.5,64.8,126.7,23.4,77.9,5.92,119.8,potato,terai
99.7,72.1,108.7,23.0,78.1,5.14,119.3,potato,terai
99.2,64.0,77.9,23.2,61.8,5.47,108.6,potato,terai
115.7,74.1,109.9,21.1,78.7,5.64,108.9,potato,terai
112.0,68.1,104.4,24.0,82.1,6.02,103.6,potato,terai
83.5,68.1,109.9,23.1,78.6,5.04,130.5,potato,terai
85.3,93.9,142.9,22.8,81.6,5.24,85.2,potato,terai
92.8,66.9,78.3,25.8,79.7,5.52,111.6,potato,terai
97.9,91.6,99.5,23.2,76.8,5.29,92.3,potato,terai
76.3,76.9,100.8,19.2,77.8,5.42,79.2,potato,terai
89.0,84.9,105.8,19.5,79.0,5.73,130.6,potato,terai
98.9,74.4,90.6,23.0,79.2,5.6,119.3,potato,terai
109.8,81.1,111.8,23.9,73.0,4.81,144.1,potato,terai
103.1,59.4,89.3,23.7,76.3,5.23,141.6,potato,terai
87.4,70.4,103.2,22.9,81.1,5.7,120.5,potato,terai
105.9,76.9,100.9,22.2,79.3,5.65,126.7,potato,terai
100.5,70.3,101.0,21.9,79.2,6.11,107.8,potato,terai
105.1,92.8,101.5,27.1,75.6,5.51,103.0,potato,terai
95.8,83.0,112.7,22.7,85.9,5.37,111.2,potato,terai
132.4,84.7,89.2,20.5,72.1,5.7,110.6,potato,terai
101.5,79.2,111.0,20.1,71.3,5.47,127.5,potato,terai
104.0,70.3,110.2,20.4,74.7,5.09,139.8,potato,terai
107.6,87.3,118.7,28.2,67.3,5.16,106.2,potato,terai
89.8,67.1,95.5,19.3,80.1,5.42,125.4,potato,terai
106.1,87.2,94.4,26.7,79.5,4.8,99.4,potato,terai
79.1,80.2,98.2,21.0,90.5,5.58,129.7,potato,terai
88.8,68.0,100.6,22.4,66.4,5.34,117.2,potato,terai
97.4,70.2,91.9,21.6,78.6,5.6,136.0,potato,terai
96.5,74.5,106.6,23.3,75.3,5.66,134.2,potato,terai
115.5,101.3,87.0,22.0,78.1,5.37,105.6,potato,terai
82.2,81.1,88.5,22.2,73.0,5.04,121.1,potato,terai
101.8,87.0,132.8,22.6,81.0,5.05,94.4,potato,terai
119.0,68.9,84.3,21.9,77.4,5.11,111.6,potato,terai
114.8,70.3,79.1,19.7,72.8,5.3,68.6,potato,hill
91.1,79.3,117.5,16.1,69.5,5.72,57.9,potato,hill
112.4,65.8,105.0,18.4,76.1,5.68,57.9,potato,hill
90.6,81.7,97.1,18.9,74.4,5.7,87.1,potato,hill
77.8,74.5,106.2,16.0,73.5,5.8,91.7,potato,hill
63.2,64.7,128.3,17.0,58.9,5.91,90.2,potato,hill
113.3,83.3,106.9,18.7,73.9,6.25,103.1,potato,hill
81.0,85.4,117.1,20.2,67.6,5.88,102.5,potato,hill
130.9,71.0,92.4,17.4,67.3,5.21,52.7,potato,hill
94.8,84.4,92.6,21.5,70.1,5.93,93.5,potato,hill
109.9,83.4,120.5,18.1,72.8,5.62,86.1,potato,hill
104.9,106.8,95.9,18.8,77.0,5.88,90.2,potato,hill
71.4,86.2,66.7,20.6,70.9,5.83,77.8,potato,hill
81.4,83.1,99.5,17.1,70.5,6.41,101.3,potato,hill
112.6,90.1,122.2,17.7,58.5,5.44,101.0,potato,hill
88.4,77.9,89.6,20.7,74.2,5.72,98.4,potato,hill
99.6,82.4,82.2,14.1,70.8,5.61,106.3,potato,hill
118.9,98.8,85.0,17.4,72.7,6.34,110.0,potato,hill
113.4,75.3,86.8,19.4,63.8,5.42,88.5,potato,hill
119.1,75.7,63.4,18.9,66.1,5.51,88.8,potato,hill
96.7,89.5,77.0,17.1,73.8,5.3,68.3,potato,hill
108.0,93.5,99.3,14.5,74.0,4.95,94.2,potato,hill
89.4,66.1,93.4,17.7,66.4,5.69,84.0,potato,hill
111.8,83.4,89.5,16.4,60.8,5.6,85.2,potato,hill
71.5,73.6,86.5,20.8,60.5,5.02,105.0,potato,hill
116.3,71.1,90.5,19.1,57.0,4.89,86.2,potato,hill
118.6,74.8,101.5,20.0,81.8,5.31,89.8,potato,hill
121.9,61.7,115.4,16.2,70.6,5.42,77.1,potato,hill
88.2,83.3,114.9,17.8,70.4,5.69,76.9,potato,hill
108.9,89.8,139.1,17.3,67.4,5.75,101.1,potato,hill
93.6,75.2,108.1,16.5,67.7,5.53,103.4,potato,hill
92.7,57.9,71.3,15.7,62.6,5.45,74.0,potato,hill
91.6,70.7,93.4,20.4,73.7,5.51,83.8,potato,hill
94.8,83.9,108.8,16.4,70.2,4.83,92.9,potato,hill
109.1,76.6,127.2,16.4,71.2,5.49,88.6,potato,hill
98.6,81.3,112.7,20.5,70.0,5.77,80.5,potato,hill
109.2,70.9,116.4,22.0,69.3,4.78,82.6,potato,hill
114.8,86.6,103.7,19.8,72.7,5.9,102.4,potato,hill
118.3,84.3,113.6,17.4,66.6,6.06,92.9,potato,hill
109.7,81.5,91.2,18.0,78.0,5.68,66.9,potato,hill
82.8,86.2,82.3,9.0,69.1,5.52,62.3,potato,mountain
81.2,79.0,78.1,12.3,62.6,5.38,64.4,potato,mountain
83.2,78.7,74.0,9.2,62.9,5.5,67.5,potato,mountain
89.2,64.7,95.0,10.9,57.7,5.2,82.1,potato,mountain
67.3,73.1,63.6,10.9,57.9,4.64,66.7,potato,mountain
81.1,46.6,95.7,12.6,67.2,5.41,63.4,potato,mountain
98.5,85.2,99.5,10.0,61.0,5.44,45.9,potato,mountain
89.8,91.2,93.2,12.6,60.9,5.28,66.6,potato,mountain
76.7,58.2,101.1,12.5,55.2,5.61,62.2,potato,mountain
88.5,72.7,97.7,11.1,66.8,5.4,68.9,potato,mountain
76.5,90.0,91.0,11.8,52.3,5.04,74.7,potato,mountain
87.9,48.5,98.2,10.4,66.8,5.27,64.9,potato,mountain
97.0,58.8,72.3,10.8,64.0,4.88,47.2,potato,mountain
93.4,61.8,80.0,9.0,56.7,5.3,71.8,potato,mountain
77.1,84.9,76.3,10.2,67.4,5.37,57.8,potato,mountain
83.4,81.8,103.7,10.1,59.8,5.33,53.7,potato,mountain
84.4,68.1,99.5,12.3,58.4,5.23,69.3,potato,mountain
79.0,74.0,83.9,9.9,55.4,5.76,61.5,potato,mountain
101.7,62.8,88.7,13.6,54.9,4.7,75.2,potato,mountain
76.6,67.8,77.5,11.3,55.4,5.24,67.3,potato,mountain
74.7,60.9,80.6,9.4,58.0,5.34,59.2,potato,mountain
82.2,67.8,76.6,11.8,66.9,5.15,67.6,potato,mountain
82.6,71.7,105.0,11.6,51.5,5.44,74.7,potato,mountain
82.7,78.2,76.2,9.4,60.7,4.74,60.7,potato,mountain
98.1,48.5,68.7,9.9,59.7,5.18,76.2,potato,mountain
94.7,73.1,86.9,11.4,55.9,5.57,52.5,potato,mountain
93.5,80.1,87.7,10.8,61.9,4.39,65.9,potato,mountain
83.8,67.5,94.0,10.9,54.5,5.26,63.6,potato,mountain
86.2,69.7,98.3,9.8,60.8,5.71,46.6,potato,mountain
86.8,62.0,80.3,10.0,59.2,5.89,51.1,potato,mountain
73.1,54.7,107.0,10.5,59.9,5.17,54.1,potato,mountain
82.6,93.1,102.7,10.1,63.1,5.04,46.2,potato,mountain
95.4,79.8,98.3,10.5,59.2,5.54,66.7,potato,mountain
81.0,51.5,86.5,12.2,54.3,5.5,66.1,potato,mountain
92.7,76.9,76.1,9.2,57.4,5.58,57.9,potato,mountain
77.9,49.4,107.3,11.9,63.7,5.61,68.4,potato,mountain
82.5,66.3,79.5,13.9,62.7,5.15,67.4,potato,mountain
74.7,83.3,76.6,11.6,65.1,5.42,63.9,potato,mountain
85.1,67.4,77.6,10.5,67.1,5.27,55.6,potato,mountain
79.7,79.2,93.6,11.6,58.8,5.48,56.9,potato,mountain
19.4,45.8,22.6,19.8,58.7,6.44,73.6,lentil,terai
15.4,41.7,15.9,20.6,61.2,6.24,53.8,lentil,terai
20.0,36.8,15.6,23.7,66.8,6.72,45.0,lentil,terai
20.7,44.1,16.9,22.0,62.4,7.11,75.4,lentil,terai
16.0,55.0,17.3,24.2,67.9,6.02,62.8,lentil,terai
19.7,43.3,20.7,24.6,63.4,6.34,68.1,lentil,terai
21.4,44.4,18.0,19.7,60.1,6.16,65.4,lentil,terai
22.3,39.1,24.3,25.0,64.2,6.08,72.3,lentil,terai
19.9,40.8,19.0,20.0,55.6,6.64,51.6,lentil,terai
27.3,33.5,16.2,23.1,70.7,6.42,63.5,lentil,terai
15.6,35.9,16.8,17.8,63.6,5.54,46.9,lentil,terai
18.7,35.0,21.2,22.7,67.5,6.69,68.5,lentil,terai
20.0,41.8,21.5,22.3,61.0,6.27,51.3,lentil,terai
21.0,39.4,18.0,20.5,56.9,6.78,59.2,lentil,terai
17.9,44.9,18.3,18.9,68.1,6.19,54.9,lentil,terai
20.1,46.9,20.1,19.4,65.7,6.21,75.1,lentil,terai
20.0,26.6,21.1,26.3,70.9,7.1,49.6,lentil,terai
22.2,35.7,20.7,19.2,59.8,6.14,66.4,lentil,terai
21.9,41.7,15.9,21.3,59.2,6.73,68.8,lentil,terai
22.5,35.5,11.8,18.1,70.2,6.25,51.9,lentil,terai
23.9,47.6,20.1,21.4,62.3,6.49,72.5,lentil,terai
21.0,44.4,23.5,19.4,66.8,6.29,36.4,lentil,terai
14.9,33.9,21.6,22.3,63.9,7.15,47.4,lentil,terai
19.9,41.8,17.8,22.1,54.9,6.94,52.5,lentil,terai
24.9,39.8,23.1,21.9,62.8,6.18,59.5,lentil,terai
20.8,35.3,19.6,20.7,74.6,6.37,72.1,lentil,terai
19.5,41.6,16.0,21.0,64.1,7.01,60.4,lentil,terai
23.3,43.8,24.9,21.9,75.0,6.21,51.8,lentil,terai
17.1,54.0,22.5,21.3,69.3,6.66,75.8,lentil,terai
16.3,38.4,18.6,17.7,68.3,6.3,65.0,lentil,terai
25.7,37.9,18.7,22.3,68.0,6.18,53.0,lentil,terai
22.5,42.3,13.9,19.3,70.6,6.55,51.8,lentil,terai
19.6,40.1,22.2,19.0,58.8,6.5,57.6,lentil,terai
21.4,32.6,21.1,24.4,65.5,6.45,57.7,lentil,terai
18.0,39.6,23.8,21.7,58.5,6.21,60.3,lentil,terai
19.1,42.9,21.6,24.0,70.2,6.78,50.3,lentil,terai
17.8,39.5,18.6,19.5,60.8,6.22,52.6,lentil,terai
19.2,47.1,20.6,27.4,63.9,6.29,58.5,lentil,terai
20.6,42.6,26.2,20.1,67.3,6.48,44.7,lentil,terai
21.8,47.6,17.4,22.0,54.3,5.92,67.7,lentil,terai
18.9,33.3,20.7,17.1,52.9,6.79,37.2,lentil,hill
17.8,40.9,22.9,20.2,52.1,6.87,39.7,lentil,hill
24.4,33.2,24.0,16.8,63.9,6.73,38.1,lentil,hill
18.7,44.7,23.2,17.9,55.2,6.8,45.9,lentil,hill
16.9,35.1,20.7,20.2,62.1,6.8,46.9,lentil,hill
21.8,36.0,19.5,16.5,49.5,6.63,46.3,lentil,hill
21.7,43.3,20.7,19.0,54.8,6.66,40.1,lentil,hill
20.9,44.0,18.0,18.1,52.3,6.29,37.4,lentil,hill
23.0,46.4,21.6,21.5,54.2,7.68,43.5,lentil,hill
20.6,37.6,21.1,19.5,54.5,7.19,46.6,lentil,hill
20.6,34.5,21.3,17.8,52.3,6.2,63.0,lentil,hill
19.4,31.3,17.9,17.9,57.4,6.72,49.6,lentil,hill
18.5,42.0,17.4,16.9,51.0,6.04,52.2,lentil,hill
21.7,45.9,20.1,19.4,47.3,6.84,46.2,lentil,hill
21.5,42.3,17.0,15.3,51.9,6.72,49.7,lentil,hill
16.7,34.1,17.8,17.4,49.0,5.95,39.5,lentil,hill
20.2,32.9,19.7,19.9,49.3,6.42,51.9,lentil,hill
19.0,36.6,23.5,17.4,59.9,6.67,42.7,lentil,hill
21.2,41.9,23.1,17.0,55.2,6.48,49.8,lentil,hill
17.5,46.1,21.4,15.6,60.3,7.37,51.8,lentil,hill
23.4,40.5,15.0,14.7,56.1,6.27,38.8,lentil,hill
19.8,43.7,15.6,17.2,61.6,6.08,50.9,lentil,hill
18.8,43.3,23.3,19.3,59.0,6.05,52.5,lentil,hill
18.0,41.6,20.8,18.9,56.5,6.17,35.9,lentil,hill
22.1,41.1,23.4,17.9,48.8,6.88,42.5,lentil,hill
20.8,36.1,24.9,16.4,53.5,6.54,37.6,lentil,hill
20.8,49.7,18.5,18.7,42.9,6.48,42.9,lentil,hill
18.0,46.5,19.0,17.7,53.3,5.75,37.4,lentil,hill
22.3,27.3,17.7,17.3,62.7,6.8,41.2,lentil,hill
23.1,35.6,23.0,15.6,59.7,6.34,38.1,lentil,hill
19.5,41.7,18.5,19.0,52.4,6.74,48.0,lentil,hill
19.9,37.4,20.5,19.0,64.1,6.87,51.6,lentil,hill
27.4,43.1,21.5,19.3,50.6,6.33,41.6,lentil,hill
21.6,39.0,20.4,20.0,58.8,6.44,40.5,lentil,hill
22.7,44.6,15.2,17.4,55.7,6.8,51.1,lentil,hill
20.7,43.5,20.2,16.8,53.9,6.51,44.8,lentil,hill
15.5,37.6,20.2,17.5,53.9,6.69,37.7,lentil,hill
16.1,37.9,22.3,21.0,58.4,5.93,43.4,lentil,hill
20.6,41.1,21.6,16.3,55.3,6.66,50.6,lentil,hill
18.1,37.9,11.9,16.9,52.7,6.1,46.1,lentil,hill
19.9,29.8,20.6,21.8,60.3,6.37,52.2,chickpea,terai
19.3,47.0,20.4,23.4,50.9,6.29,47.4,chickpea,terai
20.0,40.9,21.9,23.3,53.5,6.78,53.8,chickpea,terai
20.8,57.7,18.0,23.8,60.0,6.89,48.1,chickpea,terai
16.3,41.6,16.8,19.9,54.3,6.47,56.6,chickpea,terai
21.4,38.9,19.2,19.5,55.7,7.07,58.4,chickpea,terai
18.3,52.1,15.5,21.0,61.3,7.59,55.8,chickpea,terai
19.9,30.2,13.9,24.3,56.3,6.44,52.5,chickpea,terai
20.3,51.4,20.4,26.9,58.0,6.85,60.3,chickpea,terai
17.7,64.0,21.1,24.9,60.4,7.68,58.2,chickpea,terai
16.1,54.5,19.0,24.3,52.1,7.12,46.9,chickpea,terai
20.2,43.1,25.8,28.8,58.2,6.93,49.1,chickpea,terai
22.7,42.8,18.7,26.3,55.5,6.88,39.7,chickpea,terai
21.7,58.1,22.2,27.5,54.1,7.0,44.6,chickpea,terai
19.5,50.2,20.3,20.6,51.9,6.33,55.8,chickpea,terai
25.0,54.2,14.3,27.4,62.3,6.26,49.6,chickpea,terai
22.6,48.7,16.1,25.5,48.1,6.81,60.9,chickpea,terai
20.0,41.6,22.7,26.3,64.1,7.26,60.4,chickpea,terai
21.8,46.8,20.3,23.4,52.4,6.5,49.8,chickpea,terai
20.6,54.7,19.9,26.4,63.0,6.8,56.6,chickpea,terai
19.4,53.9,21.9,21.1,58.7,7.58,50.6,chickpea,terai
21.1,48.7,16.9,25.2,51.5,6.64,60.4,chickpea,terai
20.9,42.9,21.3,23.9,58.1,7.17,46.3,chickpea,terai
20.1,42.9,15.2,21.8,65.3,7.06,41.7,chickpea,terai
16.3,44.2,24.7,23.6,64.1,7.05,55.7,chickpea,terai
16.8,51.3,19.0,26.1,54.2,6.97,54.7,chickpea,terai
19.6,47.7,19.2,22.4,65.4,7.33,46.1,chickpea,terai
21.4,40.0,16.4,26.5,50.1,7.28,50.0,chickpea,terai
19.5,47.8,21.7,22.0,61.3,6.95,42.2,chickpea,terai
19.6,54.3,25.0,25.7,52.5,7.1,58.6,chickpea,terai
21.7,50.3,21.1,23.8,55.2,6.11,54.6,chickpea,terai
20.4,48.8,16.0,25.5,67.5,6.93,51.5,chickpea,terai
20.7,58.7,16.9,24.5,54.3,6.67,51.6,chickpea,terai
23.2,57.2,21.3,23.1,69.6,6.72,47.5,chickpea,terai
15.7,54.4,22.9,29.8,51.6,7.5,52.5,chickpea,terai
21.9,33.9,24.4,25.9,57.8,7.17,46.0,chickpea,terai
18.6,41.9,14.4,26.1,63.5,6.61,54.7,chickpea,terai
19.4,47.2,18.1,21.9,62.9,6.87,67.8,chickpea,terai
20.1,38.7,23.7,25.5,61.4,7.39,46.9,chickpea,terai
19.7,43.8,16.1,23.4,64.2,7.0,41.5,chickpea,terai
16.3,56.2,19.7,18.7,48.9,6.38,48.5,chickpea,hill
19.1,54.2,20.2,22.9,51.0,7.36,44.3,chickpea,hill
21.5,47.3,19.3,23.8,46.4,7.0,40.1,chickpea,hill
21.0,42.1,20.9,19.7,43.7,7.0,33.4,chickpea,hill
15.8,45.9,21.5,21.1,52.3,6.19,31.8,chickpea,hill
24.7,37.9,21.8,18.6,50.3,6.73,43.4,chickpea,hill
20.3,42.0,16.8,20.5,45.1,7.18,55.8,chickpea,hill
23.2,49.8,19.7,16.1,44.7,7.54,35.3,chickpea,hill
18.3,43.9,16.8,17.5,49.8,6.63,35.6,chickpea,hill
18.1,48.5,19.3,19.6,52.4,6.94,38.3,chickpea,hill
21.1,49.5,19.6,20.2,46.9,6.64,44.6,chickpea,hill
21.1,48.1,20.8,20.1,52.8,7.39,45.5,chickpea,hill
19.8,54.4,20.7,21.3,51.1,7.1,35.6,chickpea,hill
21.7,64.2,18.9,20.1,48.2,6.8,49.3,chickpea,hill
18.4,41.8,15.2,18.5,43.2,7.27,56.8,chickpea,hill
19.1,33.7,22.7,18.5,55.2,6.88,36.2,chickpea,hill
19.6,50.1,19.3,19.0,49.2,6.47,42.4,chickpea,hill
15.7,42.0,22.3,20.6,52.4,6.97,47.0,chickpea,hill
22.2,48.0,22.8,21.5,48.2,6.44,42.5,chickpea,hill
21.3,52.4,17.2,18.2,51.8,6.97,28.7,chickpea,hill
20.9,32.5,17.2,22.7,57.3,6.49,38.0,chickpea,hill
20.1,57.0,18.5,19.0,56.2,6.84,44.3,chickpea,hill
16.5,43.8,15.0,17.9,53.4,6.98,38.1,chickpea,hill
18.2,43.5,20.9,22.0,39.5,6.65,41.0,chickpea,hill
19.8,47.7,20.8,19.4,47.9,6.9,46.9,chickpea,hill
18.2,44.6,20.6,23.1,48.8,7.4,47.4,chickpea,hill
19.8,43.6,19.0,19.5,53.4,7.1,41.4,chickpea,hill
17.3,38.5,26.4,19.6,46.9,7.6,41.7,chickpea,hill
21.4,44.1,19.0,19.7,44.5,6.96,41.8,chickpea,hill
24.4,45.6,13.0,19.8,61.0,7.36,35.1,chickpea,hill
21.4,40.0,15.9,19.3,50.4,6.21,33.1,chickpea,hill
20.0,42.2,21.2,17.6,52.9,6.5,49.9,chickpea,hill
15.9,37.6,21.3,23.3,51.3,7.24,40.1,chickpea,hill
17.5,41.7,16.4,17.4,51.6,6.53,41.9,chickpea,hill
16.9,47.0,18.5,22.8,51.3,7.52,35.5,chickpea,hill
20.1,38.4,18.8,19.5,47.1,6.49,31.5,chickpea,hill
14.4,37.9,21.9,16.8,44.5,7.75,36.2,chickpea,hill
20.8,49.3,22.0,17.0,49.1,6.32,54.7,chickpea,hill
16.2,37.9,16.9,17.0,55.4,8.02,37.1,chickpea,hill
16.8,29.9,19.3,19.4,47.4,7.09,42.4,chickpea,hill
20.8,33.3,16.7,33.1,78.1,6.74,130.9,blackgram,terai
16.6,27.5,17.7,27.7,82.7,6.53,136.3,blackgram,terai
21.0,36.1,23.6,32.5,78.4,6.97,119.0,blackgram,terai
19.3,30.6,22.1,34.8,77.7,6.9,82.4,blackgram,terai
19.9,34.8,17.8,38.4,77.6,6.24,117.5,blackgram,terai
15.2,31.0,22.9,29.1,72.8,6.9,140.5,blackgram,terai
21.2,32.6,19.3,28.5,71.8,6.0,106.2,blackgram,terai
17.5,26.8,20.7,31.7,88.6,6.14,122.2,blackgram,terai
20.8,33.7,22.2,33.4,80.0,6.3,110.7,blackgram,terai
16.7,30.8,18.1,27.5,80.7,6.86,101.1,blackgram,terai
20.7,29.6,19.1,28.9,81.8,6.14,134.8,blackgram,terai
19.4,31.6,16.2,31.8,83.6,6.5,156.3,blackgram,terai
23.4,33.4,19.0,32.5,72.8,6.85,123.3,blackgram,terai
20.6,38.6,25.2,31.5,77.3,6.98,134.0,blackgram,terai
19.2,35.0,20.6,32.1,69.5,5.81,101.4,blackgram,terai
17.7,31.6,21.9,30.5,79.2,5.93,108.9,blackgram,terai
21.4,38.1,17.8,31.5,91.7,6.39,104.8,blackgram,terai
19.6,35.5,19.5,30.9,69.0,6.03,114.4,blackgram,terai
19.6,32.0,19.5,31.2,83.5,6.36,124.0,blackgram,terai
18.7,38.0,21.1,33.7,82.5,6.63,115.3,blackgram,terai
20.6,40.6,18.0,29.1,79.1,6.56,102.5,blackgram,terai
19.8,34.5,13.4,30.3,77.0,6.34,141.8,blackgram,terai
17.1,30.7,12.2,29.5,75.5,6.2,136.4,blackgram,terai
22.1,35.4,18.9,34.2,77.9,6.09,86.9,blackgram,terai
18.9,39.0,26.8,31.2,73.2,5.94,126.7,blackgram,terai
15.8,37.9,22.5,32.4,76.6,6.62,120.0,blackgram,terai
18.1,44.7,18.9,33.4,62.9,6.89,142.8,blackgram,terai
20.1,37.9,21.7,29.0,81.4,6.09,106.3,blackgram,terai
22.7,40.1,17.9,28.7,74.0,6.68,99.5,blackgram,terai
20.9,38.9,19.7,34.1,76.1,6.32,99.8,blackgram,terai
22.4,31.0,21.0,30.8,71.4,6.17,141.3,blackgram,terai
20.5,29.7,20.9,30.5,99.6,6.51,110.3,blackgram,terai
23.4,25.3,20.3,37.2,77.3,5.73,110.1,blackgram,terai
23.5,37.0,17.5,28.9,74.5,6.54,140.5,blackgram,terai
22.5,37.4,16.0,26.9,81.3,5.88,113.0,blackgram,terai
20.7,29.0,16.9,30.7,81.1,6.81,127.7,blackgram,terai
20.2,31.1,16.8,29.4,80.6,6.53,80.1,blackgram,terai
18.1,41.3,20.2,26.6,92.7,6.39,123.7,blackgram,terai
21.0,33.1,17.8,37.6,84.3,6.72,127.1,blackgram,terai
17.6,41.7,17.5,31.9,67.8,5.62,122.6,blackgram,terai
18.1,24.6,21.6,32.7,77.8,6.4,90.1,blackgram,hill
22.1,40.9,19.0,27.1,71.7,6.72,88.2,blackgram,hill
19.7,42.2,23.6,28.3,79.6,6.35,111.9,blackgram,hill
21.3,52.2,16.4,25.1,72.3,6.65,116.3,blackgram,hill
18.4,39.8,23.5,28.9,64.6,7.05,106.6,blackgram,hill
21.4,36.1,20.7,26.8,73.6,6.51,78.5,blackgram,hill
17.5,31.1,20.7,26.9,71.2,6.7,81.5,blackgram,hill
23.5,33.6,18.7,28.3,59.7,6.19,103.2,blackgram,hill
15.8,40.9,24.5,26.0,71.6,6.94,83.7,blackgram,hill
22.1,31.5,18.6,24.8,71.9,6.95,87.5,blackgram,hill
16.9,29.3,21.2,32.0,72.2,6.35,100.3,blackgram,hill
19.4,33.0,17.1,30.8,55.8,6.81,83.7,blackgram,hill
19.0,43.9,17.9,25.2,69.3,6.66,84.0,blackgram,hill
16.2,30.5,23.8,27.2,72.5,6.4,81.1,blackgram,hill
24.0,34.0,18.7,30.0,66.0,6.27,90.1,blackgram,hill
20.0,36.4,26.3,27.9,56.7,6.63,90.5,blackgram,hill
20.1,36.3,19.9,26.9,73.4,6.29,77.2,blackgram,hill
27.3,31.2,20.3,23.0,70.7,6.14,84.0,blackgram,hill
22.5,37.5,21.7,22.2,80.3,6.04,110.6,blackgram,hill
22.5,38.0,17.4,27.4,67.4,6.51,86.6,blackgram,hill
15.1,40.9,19.8,25.7,66.9,6.64,77.9,blackgram,hill
14.6,37.1,21.6,26.5,63.6,6.53,70.2,blackgram,hill
17.5,31.1,22.5,26.0,67.5,7.26,94.8,blackgram,hill
20.8,33.1,18.2,21.1,75.4,6.67,87.6,blackgram,hill
19.7,38.9,15.3,25.4,63.6,7.19,101.8,blackgram,hill
14.7,27.1,19.6,25.7,62.6,7.26,94.2,blackgram,hill
21.1,31.4,22.2,26.0,68.4,6.74,68.0,blackgram,hill
23.8,36.0,23.8,24.1,64.8,6.05,93.4,blackgram,hill
20.2,32.6,17.0,23.6,69.7,6.32,80.7,blackgram,hill
23.7,34.6,23.8,25.6,71.4,6.48,67.1,blackgram,hill
23.4,34.3,22.2,25.0,69.1,6.16,106.7,blackgram,hill
20.7,36.9,24.1,30.1,74.3,5.95,80.6,blackgram,hill
17.6,38.8,20.5,23.2,68.9,5.92,89.3,blackgram,hill
16.0,37.8,21.1,32.2,74.7,6.34,101.0,blackgram,hill
16.6,29.9,21.0,21.2,69.8,6.1,91.4,blackgram,hill
17.4,37.2,20.1,30.8,70.0,6.2,86.7,blackgram,hill
16.8,37.1,21.8,33.7,66.5,6.4,82.2,blackgram,hill
20.5,37.0,19.8,29.9,66.5,6.88,97.3,blackgram,hill
20.0,33.3,27.3,24.8,71.7,6.21,114.1,blackgram,hill
22.1,31.4,21.5,27.7,67.1,6.8,95.3,blackgram,hill
61.6,29.8,21.3,24.6,63.3,6.15,65.2,mustard,terai
52.4,31.9,19.0,28.2,58.4,6.12,44.4,mustard,terai
62.3,23.8,18.6,18.8,64.2,6.21,40.4,mustard,terai
67.8,24.1,22.4,22.3,71.1,6.69,44.1,mustard,terai
53.4,32.7,19.2,23.6,69.4,6.11,52.7,mustard,terai
66.9,33.6,19.5,23.3,54.2,5.99,54.5,mustard,terai
59.0,30.3,23.1,21.2,61.8,6.47,46.5,mustard,terai
70.3,34.1,20.9,28.3,55.4,6.4,54.9,mustard,terai
53.4,31.4,16.7,25.7,68.3,6.5,37.5,mustard,terai
53.0,32.5,20.1,17.5,69.3,6.45,45.6,mustard,terai
67.2,27.0,17.9,24.9,72.0,7.02,54.8,mustard,terai
63.3,33.6,16.2,25.5,59.3,6.52,50.2,mustard,terai
63.6,30.5,10.8,24.4,66.2,6.57,51.2,mustard,terai
71.8,31.4,21.3,26.5,64.8,6.06,33.0,mustard,terai
56.6,33.4,18.9,25.9,63.7,6.89,49.7,mustard,terai
63.4,32.3,24.5,19.9,60.7,6.73,64.1,mustard,terai
61.7,28.7,22.3,26.1,61.2,6.53,61.2,mustard,terai
73.6,33.3,20.1,23.9,65.8,6.36,53.5,mustard,terai
52.4,35.8,16.6,23.0,63.5,7.16,48.7,mustard,terai
55.2,27.5,25.0,17.3,57.9,7.45,56.6,mustard,terai
52.0,29.8,20.2,26.0,72.3,6.55,47.8,mustard,terai
65.7,26.9,16.9,19.8,55.1,6.06,42.8,mustard,terai
62.3,24.6,10.6,21.5,60.6,6.17,63.9,mustard,terai
55.6,34.0,19.9,23.9,58.8,6.38,46.0,mustard,terai
61.2,28.9,17.2,26.4,65.2,6.23,53.1,mustard,terai
59.4,26.1,20.2,22.5,58.2,5.78,49.2,mustard,terai
64.1,26.9,27.6,26.1,69.6,6.71,66.5,mustard,terai
54.3,18.5,18.7,25.3,63.8,6.51,62.3,mustard,terai
62.8,33.6,17.2,21.4,71.1,6.44,47.1,mustard,terai
55.5,27.1,17.9,20.9,55.4,6.33,47.4,mustard,terai
68.0,31.3,20.8,22.2,62.4,6.54,57.6,mustard,terai
59.3,34.9,20.0,25.9,60.5,5.7,54.1,mustard,terai
65.2,32.6,21.3,23.2,58.9,6.61,55.3,mustard,terai
56.0,35.0,17.4,22.6,71.2,6.73,49.2,mustard,terai
62.1,30.7,11.8,21.8,62.7,6.26,53.9,mustard,terai
68.1,28.6,16.8,24.8,61.4,6.34,49.7,mustard,terai
76.1,19.9,18.8,24.0,59.1,6.75,58.3,mustard,terai
59.7,28.8,19.7,23.7,62.6,6.33,54.0,mustard,terai
65.4,24.5,16.8,19.8,67.4,6.5,55.9,mustard,terai
49.7,38.0,18.2,24.4,67.3,6.02,47.7,mustard,terai
61.3,42.9,20.9,23.2,60.3,6.64,34.1,mustard,hill
67.6,23.3,24.8,20.4,43.3,6.37,43.9,mustard,hill
58.3,33.2,17.4,17.4,54.7,6.51,37.9,mustard,hill
68.8,26.2,20.9,20.1,48.2,5.99,40.1,mustard,hill
74.3,32.6,14.8,13.8,58.2,6.46,46.8,mustard,hill
53.7,31.6,22.5,19.1,53.1,6.51,43.3,mustard,hill
59.9,34.4,18.6,17.3,63.7,6.26,36.6,mustard,hill
59.5,30.3,18.8,20.0,54.8,6.57,25.9,mustard,hill
73.5,29.3,21.7,17.2,52.9,6.24,48.8,mustard,hill
55.8,33.4,18.0,19.1,53.9,7.0,28.7,mustard,hill
50.5,21.2,16.7,18.4,47.9,6.21,27.9,mustard,hill
52.7,35.4,21.2,20.4,50.6,5.9,33.2,mustard,hill
59.7,33.9,22.7,21.3,51.8,6.51,38.1,mustard,hill
58.6,39.2,14.7,19.5,60.3,5.93,36.1,mustard,hill
56.2,29.0,15.2,21.2,57.9,6.7,34.8,mustard,hill
60.6,26.0,19.0,24.3,55.4,6.04,41.1,mustard,hill
50.3,24.6,16.9,19.1,59.1,6.73,43.1,mustard,hill
52.1,27.6,20.8,18.7,53.8,6.67,37.9,mustard,hill
61.6,37.2,19.5,22.4,57.5,5.93,33.4,mustard,hill
54.0,26.2,19.7,21.2,60.5,6.62,37.3,mustard,hill
45.0,30.3,20.1,20.4,64.3,6.98,44.7,mustard,hill
53.1,27.7,19.7,18.4,57.2,6.64,33.5,mustard,hill
68.6,30.5,14.8,19.9,56.2,6.88,38.0,mustard,hill
66.0,30.8,16.1,17.2,59.9,6.97,41.9,mustard,hill
70.8,34.8,22.1,18.2,62.6,6.71,37.7,mustard,hill
55.2,31.2,15.0,21.4,50.8,6.64,36.9,mustard,hill
58.1,26.6,19.5,23.8,61.1,6.64,39.8,mustard,hill
66.1,35.1,17.5,19.8,47.0,6.94,52.4,mustard,hill
60.6,20.4,21.8,18.2,52.1,6.74,41.5,mustard,hill
56.5,27.1,20.4,19.2,50.1,6.37,42.0,mustard,hill
58.7,23.6,23.0,14.5,53.0,6.26,40.9,mustard,hill
64.0,35.1,17.9,21.2,55.9,5.83,51.4,mustard,hill
49.6,31.9,21.2,20.6,52.8,6.82,30.6,mustard,hill
59.5,27.5,18.0,20.9,59.7,6.37,44.7,mustard,hill
60.4,26.0,19.2,19.4,51.9,6.67,41.4,mustard,hill
48.5,22.6,21.3,18.4,56.3,6.8,32.4,mustard,hill
49.8,37.5,21.1,19.2,50.9,6.3,32.9,mustard,hill
66.4,26.5,23.3,19.2,50.4,6.33,24.3,mustard,hill
59.1,29.2,22.5,16.2,60.1,6.82,47.5,mustard,hill
59.6,34.6,15.6,21.4,51.6,5.86,33.3,mustard,hill
40.0,21.9,26.4,18.0,49.8,6.28,113.6,millet,hill
35.0,25.0,28.8,22.9,60.7,6.18,89.0,millet,hill
40.1,24.9,24.0,21.1,60.3,5.81,84.3,millet,hill
43.8,21.3,24.2,21.4,61.7,5.06,113.4,millet,hill
36.8,29.6,23.2,21.9,69.2,5.7,118.6,millet,hill
40.2,26.6,25.3,23.9,56.7,5.46,90.4,millet,hill
40.5,24.2,27.7,24.9,55.3,5.54,78.5,millet,hill
49.7,26.1,26.8,19.1,60.0,5.98,96.2,millet,hill
45.2,33.7,21.4,19.8,55.8,6.36,115.6,millet,hill
39.3,25.1,21.9,24.0,58.2,5.71,109.1,millet,hill
39.1,24.1,25.0,23.7,67.9,6.0,112.0,millet,hill
39.0,22.3,27.5,22.4,53.2,5.69,98.8,millet,hill
37.5,30.6,26.8,25.0,61.3,5.83,86.0,millet,hill
40.1,25.0,19.9,20.8,58.4,5.94,106.9,millet,hill
37.2,26.8,24.3,15.7,57.7,6.18,74.8,millet,hill
40.5,30.9,22.1,22.0,53.7,6.37,98.8,millet,hill
40.2,30.1,27.5,20.1,56.9,5.97,90.6,millet,hill
29.8,24.8,19.4,25.6,60.8,5.48,89.5,millet,hill
30.9,20.9,28.8,26.9,63.5,5.77,93.5,millet,hill
35.4,32.7,24.3,26.7,66.7,5.19,90.0,millet,hill
36.8,24.7,24.8,28.6,54.8,5.88,109.2,millet,hill
40.0,25.4,21.1,22.2,62.5,5.91,108.6,millet,hill
46.8,28.5,25.3,19.4,57.1,5.72,103.8,millet,hill
37.7,21.5,20.5,18.4,58.9,5.29,85.0,millet,hill
38.1,20.0,26.4,23.6,57.4,5.65,108.1,millet,hill
36.6,22.1,29.5,23.9,62.9,6.12,70.3,millet,hill
46.5,26.5,28.8,22.9,60.2,5.7,105.5,millet,hill
38.5,28.3,19.1,20.8,69.8,5.58,96.4,millet,hill
35.8,26.3,22.2,21.6,64.1,5.56,111.8,millet,hill
43.9,29.0,25.5,29.1,65.1,5.91,86.9,millet,hill
39.5,30.3,31.4,25.3,63.8,5.36,107.3,millet,hill
34.0,19.4,25.9,23.2,64.3,5.97,108.0,millet,hill
35.3,24.6,19.3,17.6,63.6,5.54,113.1,millet,hill
45.3,22.7,27.2,20.5,51.1,5.84,92.9,millet,hill
37.9,32.4,19.3,22.8,55.2,6.12,104.5,millet,hill
41.8,21.5,22.1,24.0,68.5,5.97,86.5,millet,hill
41.6,34.1,25.4,25.2,56.4,5.79,109.3,millet,hill
41.9,22.1,22.0,24.2,65.7,6.33,127.1,millet,hill
40.6,23.8,30.1,23.6,55.3,5.44,107.4,millet,hill
39.1,24.9,29.0,23.7,66.4,5.13,103.8,millet,hill
36.8,16.4,19.2,13.7,50.1,6.15,91.2,millet,mountain
30.7,22.9,23.0,15.6,51.6,5.7,87.7,millet,mountain
38.5,17.9,23.8,16.3,51.3,5.98,72.0,millet,mountain
34.8,21.6,14.8,14.9,47.3,5.2,85.1,millet,mountain
36.1,21.2,19.4,15.4,54.0,5.32,69.9,millet,mountain
37.5,15.1,21.1,14.4,49.5,5.43,71.4,millet,mountain
41.8,20.2,22.2,18.0,47.8,6.21,70.1,millet,mountain
41.3,23.6,22.2,14.9,47.5,5.63,79.4,millet,mountain
33.9,20.2,20.5,16.5,54.9,5.38,63.0,millet,mountain
35.5,26.1,24.9,13.1,48.9,5.29,67.2,millet,mountain
40.5,16.7,16.1,13.8,51.1,5.81,74.6,millet,mountain
38.8,15.6,25.0,14.5,52.9,5.16,70.1,millet,mountain
35.0,24.9,16.2,15.0,45.7,5.77,78.2,millet,mountain
39.3,19.5,24.2,17.0,43.4,5.81,80.1,millet,mountain
32.9,17.4,24.3,13.2,49.3,5.59,77.5,millet,mountain
31.4,19.1,21.6,16.5,59.1,5.09,73.3,millet,mountain
29.6,24.5,18.3,14.0,47.6,5.57,73.4,millet,mountain
36.0,21.2,17.0,16.1,49.8,5.99,62.6,millet,mountain
27.5,21.1,25.4,15.2,49.2,5.31,88.5,millet,mountain
29.8,18.9,23.1,12.2,55.1,5.81,79.4,millet,mountain
36.3,20.7,17.9,14.8,46.1,5.76,78.5,millet,mountain
40.0,22.4,24.2,14.6,48.1,5.76,65.9,millet,mountain
35.1,17.9,18.4,16.0,53.5,5.27,77.0,millet,mountain
31.8,21.3,25.8,16.2,53.2,6.24,62.6,millet,mountain
30.0,18.9,20.4,11.5,49.2,5.42,78.2,millet,mountain
35.4,19.3,23.1,16.1,46.9,5.43,46.6,millet,mountain
29.6,18.9,21.5,13.6,47.9,5.19,71.8,millet,mountain
35.7,22.5,21.3,12.7,47.5,5.46,65.8,millet,mountain
34.3,25.8,23.8,13.5,52.7,5.82,61.5,millet,mountain
37.5,20.7,16.8,15.7,50.9,5.52,69.6,millet,mountain
31.1,23.2,21.1,15.2,51.4,5.21,60.6,millet,mountain
25.0,23.1,17.4,15.2,51.5,5.8,57.4,millet,mountain
33.7,26.6,26.7,16.5,51.3,5.26,77.5,millet,mountain
33.4,23.0,19.2,14.7,50.7,5.68,75.2,millet,mountain
31.6,17.0,26.4,18.7,51.8,5.16,61.9,millet,mountain
36.1,25.5,17.4,14.8,50.8,5.89,66.4,millet,mountain
27.6,23.2,24.8,14.9,51.6,5.44,61.1,millet,mountain
38.2,22.5,22.8,17.3,45.8,5.41,71.7,millet,mountain
31.7,23.7,20.7,13.5,50.3,5.66,79.8,millet,mountain
35.6,22.7,22.3,14.7,47.1,5.7,66.5,millet,mountain
60.1,36.0,21.9,16.6,49.6,6.29,43.5,barley,hill
50.6,31.0,21.4,17.5,47.2,6.52,54.8,barley,hill
54.6,28.2,19.7,15.8,50.1,6.99,62.1,barley,hill
51.1,33.0,14.9,15.2,54.9,6.96,15.4,barley,hill
54.0,38.6,14.0,18.4,38.9,7.18,44.9,barley,hill
35.9,32.0,23.5,16.6,52.3,6.63,32.4,barley,hill
54.2,37.9,23.4,12.8,43.9,6.45,34.2,barley,hill
50.3,31.8,15.7,17.2,52.4,6.58,43.8,barley,hill
38.3,28.5,20.0,16.3,51.5,6.9,43.2,barley,hill
51.7,34.5,19.7,16.5,49.3,6.54,48.5,barley,hill
46.7,31.7,20.1,15.5,48.7,6.59,33.9,barley,hill
52.3,31.0,22.5,15.1,57.6,6.65,39.1,barley,hill
44.0,22.2,24.6,18.2,52.4,6.43,57.2,barley,hill
47.9,28.8,24.3,17.1,58.8,6.9,42.3,barley,hill
46.3,21.7,19.2,17.8,52.4,6.81,38.3,barley,hill
51.4,34.6,21.3,16.3,46.8,7.15,23.9,barley,hill
52.3,41.6,15.5,15.6,50.0,6.61,52.0,barley,hill
52.8,30.7,22.4,16.0,62.7,6.86,46.3,barley,hill
39.7,27.6,23.4,13.9,41.4,6.81,54.3,barley,hill
50.3,28.5,14.4,16.7,52.6,6.07,52.7,barley,hill
54.6,35.1,21.8,17.0,52.1,7.15,32.7,barley,hill
41.0,26.7,19.6,16.6,51.3,7.26,52.8,barley,hill
44.8,31.1,17.5,15.7,51.3,5.41,61.3,barley,hill
53.4,27.3,25.8,15.4,50.5,6.6,56.2,barley,hill
49.4,30.7,23.6,16.9,49.8,7.25,62.1,barley,hill
51.9,30.5,20.5,18.1,47.6,6.69,34.6,barley,hill
42.9,27.7,19.8,18.8,52.1,6.43,40.1,barley,hill
58.2,35.1,20.1,15.3,54.5,6.39,47.6,barley,hill
63.6,30.9,17.7,16.7,48.1,6.23,49.7,barley,hill
56.7,28.6,18.9,14.5,49.4,6.57,38.2,barley,hill
61.4,32.1,21.7,17.4,53.1,6.63,46.8,barley,hill
48.4,32.0,21.0,15.4,44.7,6.86,43.6,barley,hill
38.7,32.3,22.9,20.0,48.4,6.58,37.5,barley,hill
51.3,30.9,17.6,15.7,42.1,7.18,39.8,barley,hill
49.8,23.6,18.3,15.6,50.0,7.0,54.7,barley,hill
54.4,34.3,24.3,16.9,49.9,7.21,52.2,barley,hill
53.9,23.5,17.5,15.6,53.1,6.79,52.7,barley,hill
57.9,35.4,23.6,14.3,51.9,6.55,33.9,barley,hill
48.3,36.0,21.4,19.2,50.7,7.8,46.2,barley,hill
50.1,24.2,23.3,15.2,47.4,7.32,52.8,barley,hill
48.3,24.1,16.9,8.9,42.5,7.22,33.2,barley,mountain
52.6,28.9,16.4,9.7,45.5,7.39,37.1,barley,mountain
42.6,24.7,18.5,10.5,41.4,6.78,31.7,barley,mountain
40.8,24.9,17.3,10.5,39.2,6.62,27.4,barley,mountain
46.2,30.7,21.1,9.2,41.8,6.54,34.0,barley,mountain
44.1,25.7,17.4,9.4,39.1,6.5,39.6,barley,mountain
56.3,20.9,13.8,8.1,39.7,6.95,34.3,barley,mountain
43.4,27.5,15.2,8.8,39.9,5.97,26.0,barley,mountain
36.8,28.4,17.6,9.5,34.1,6.01,34.6,barley,mountain
28.3,30.2,12.4,9.8,37.2,7.02,46.7,barley,mountain
30.9,28.2,12.4,9.4,39.3,6.65,27.2,barley,mountain
46.5,20.0,20.2,8.6,35.5,7.23,31.2,barley,mountain
52.2,30.2,15.0,8.9,40.4,7.2,33.6,barley,mountain
43.4,24.7,16.9,10.2,40.0,6.44,28.8,barley,mountain
39.7,20.1,15.1,10.3,39.3,6.88,19.8,barley,mountain
45.4,24.9,15.8,9.2,38.4,5.76,35.9,barley,mountain
43.7,24.3,14.5,7.7,40.7,7.24,32.5,barley,mountain
35.4,26.4,16.9,9.8,41.9,5.42,34.1,barley,mountain
37.4,20.1,16.5,9.4,34.7,6.88,35.1,barley,mountain
42.7,22.2,14.5,9.9,35.2,7.02,30.7,barley,mountain
42.0,19.0,16.6,9.6,35.7,6.8,31.9,barley,mountain
39.2,28.8,11.4,9.3,45.2,7.17,33.3,barley,mountain
41.0,23.1,16.2,9.5,37.4,6.9,41.6,barley,mountain
42.2,20.4,13.6,9.7,39.8,6.95,29.0,barley,mountain
46.7,24.9,15.1,8.6,36.2,7.39,31.0,barley,mountain
45.8,23.4,14.3,8.8,43.5,6.39,27.4,barley,mountain
43.3,27.4,21.2,9.3,42.1,6.88,26.1,barley,mountain
37.6,21.4,13.6,9.7,40.9,6.63,19.2,barley,mountain
53.0,22.1,22.2,7.7,37.4,5.73,33.2,barley,mountain
36.9,21.4,13.5,9.7,42.3,7.32,28.3,barley,mountain
43.6,20.6,16.1,8.5,41.5,7.0,36.2,barley,mountain
38.2,29.3,16.9,8.7,37.7,6.38,39.7,barley,mountain
44.1,26.2,16.3,11.2,44.2,6.31,30.2,barley,mountain
41.4,26.1,15.2,9.4,44.6,6.08,26.2,barley,mountain
40.0,23.8,22.1,9.9,43.0,6.5,30.1,barley,mountain
35.1,28.5,18.3,10.2,39.3,6.54,32.3,barley,mountain
47.0,19.9,18.9,9.0,36.6,5.77,30.9,barley,mountain
49.9,31.9,17.9,10.8,39.9,6.98,29.4,barley,mountain
39.9,22.9,11.7,10.2,37.9,6.28,25.9,barley,mountain
41.5,32.2,22.3,7.5,38.9,6.19,36.2,barley,mountain
124.1,54.3,60.7,30.5,93.7,6.61,214.6,sugarcane,terai
81.6,59.4,78.7,36.2,70.7,6.28,159.9,sugarcane,terai
144.6,62.2,53.1,32.1,65.7,5.98,196.1,sugarcane,terai
132.2,42.5,56.6,35.2,73.4,6.49,196.9,sugarcane,terai
144.7,57.9,58.5,34.7,74.2,6.32,181.7,sugarcane,terai
118.0,67.6,65.0,29.6,83.9,6.97,170.7,sugarcane,terai
122.1,58.3,59.4,26.8,92.4,6.1,225.0,sugarcane,terai
111.1,54.4,70.9,35.2,84.4,6.69,186.6,sugarcane,terai
119.9,54.0,68.1,29.8,92.9,6.28,195.6,sugarcane,terai
130.9,60.2,57.3,31.9,88.9,6.15,191.3,sugarcane,terai
120.1,67.8,59.1,37.8,82.0,6.31,190.0,sugarcane,terai
101.0,50.7,55.2,35.6,82.8,6.21,230.9,sugarcane,terai
142.3,71.3,52.3,30.4,95.0,6.49,187.2,sugarcane,terai
130.3,69.1,54.9,32.7,89.2,5.95,195.4,sugarcane,terai
104.0,51.1,54.9,33.5,80.9,6.15,196.5,sugarcane,terai
103.5,63.9,70.2,31.7,81.7,6.54,135.7,sugarcane,terai
127.7,87.9,58.9,31.6,87.9,7.03,223.5,sugarcane,terai
89.0,65.1,83.1,34.0,75.3,6.51,157.5,sugarcane,terai
137.8,51.4,60.7,29.3,79.4,6.97,198.0,sugarcane,terai
111.9,49.7,43.2,28.0,83.7,6.78,178.6,sugarcane,terai
142.6,53.5,57.9,28.5,89.6,7.21,143.5,sugarcane,terai
115.0,71.4,47.0,33.8,91.1,6.43,211.1,sugarcane,terai
145.4,77.5,59.4,30.3,76.9,6.78,154.9,sugarcane,terai
116.4,60.9,55.5,32.9,100.0,6.35,182.3,sugarcane,terai
134.6,62.2,73.0,32.5,81.4,5.72,147.6,sugarcane,terai
93.6,63.4,47.7,36.0,83.2,6.31,170.3,sugarcane,terai
129.0,52.8,51.1,35.8,85.4,6.31,213.8,sugarcane,terai
120.1,63.4,52.6,38.6,79.2,7.0,189.5,sugarcane,terai
131.6,66.6,70.3,29.3,90.1,7.11,187.4,sugarcane,terai
120.5,55.3,56.9,37.5,76.3,6.04,242.1,sugarcane,terai
129.0,79.1,55.9,32.4,78.6,6.46,143.1,sugarcane,terai
129.9,62.9,59.5,30.8,77.1,6.68,160.7,sugarcane,terai
127.4,78.7,73.4,27.2,79.4,6.56,192.9,sugarcane,terai
99.8,63.5,59.9,38.1,81.3,6.85,157.9,sugarcane,terai
105.2,66.5,69.8,28.9,83.2,5.87,189.7,sugarcane,terai
132.1,56.1,57.8,28.4,78.7,7.08,197.1,sugarcane,terai
105.6,57.2,45.6,28.8,92.0,6.35,250.3,sugarcane,terai
118.6,59.7,65.8,23.4,84.4,6.38,238.5,sugarcane,terai
133.9,49.8,71.2,31.2,77.0,6.48,189.1,sugarcane,terai
142.2,63.1,61.9,34.9,90.3,6.7,236.5,sugarcane,terai
26.8,51.3,35.6,28.7,73.2,6.84,161.6,soybean,terai
25.0,46.6,36.6,31.3,74.8,6.08,136.5,soybean,terai
24.9,45.0,30.6,29.8,70.8,6.54,155.1,soybean,terai
27.9,47.9,33.4,29.2,65.8,6.45,132.8,soybean,terai
32.8,60.9,33.2,29.7,74.0,5.83,96.1,soybean,terai
22.4,49.6,20.5,27.4,71.6,6.12,117.1,soybean,terai
24.0,62.9,33.0,27.4,72.6,6.19,115.0,soybean,terai
22.7,57.6,28.1,25.8,72.7,6.24,91.5,soybean,terai
24.9,56.5,32.0,35.5,80.3,6.74,184.6,soybean,terai
27.3,51.2,34.4,27.4,73.6,5.96,137.8,soybean,terai
23.0,44.8,31.9,28.6,61.7,5.66,107.6,soybean,terai
22.4,53.1,31.0,32.1,77.4,6.6,141.9,soybean,terai
25.6,58.2,34.1,30.1,80.4,5.33,124.3,soybean,terai
24.1,58.6,37.1,24.8,81.2,5.76,107.7,soybean,terai
24.3,47.6,23.0,30.9,77.0,6.59,121.5,soybean,terai
24.9,49.8,37.6,20.8,67.4,6.2,108.8,soybean,terai
24.2,49.1,27.0,29.2,76.7,6.11,121.2,soybean,terai
24.5,49.9,22.2,30.3,70.4,6.67,141.5,soybean,terai
28.5,42.4,28.3,25.4,68.9,6.67,159.0,soybean,terai
21.6,46.6,29.7,30.7,62.7,5.6,139.5,soybean,terai
19.2,46.6,30.7,30.2,72.2,6.06,146.5,soybean,terai
25.9,45.1,30.2,30.1,83.0,6.49,153.7,soybean,terai
23.2,46.1,28.9,28.6,67.1,6.67,147.2,soybean,terai
24.1,54.8,31.0,31.1,65.1,6.15,128.9,soybean,terai
26.9,45.3,18.8,25.9,72.6,6.22,162.8,soybean,terai
26.7,50.6,29.9,32.2,69.6,6.15,108.8,soybean,terai
29.3,52.9,26.8,28.7,76.0,6.11,119.6,soybean,terai
23.0,52.5,28.4,27.7,65.2,6.23,126.5,soybean,terai
24.0,51.5,33.4,31.0,76.2,6.11,118.9,soybean,terai
21.9,45.6,30.1,26.7,73.6,5.84,97.6,soybean,terai
27.5,46.4,26.2,25.8,75.5,6.71,122.1,soybean,terai
24.4,58.0,21.9,34.7,87.3,5.19,128.1,soybean,terai
22.8,48.0,28.1,31.4,72.3,5.86,126.6,soybean,terai
26.5,41.1,22.6,34.8,69.2,6.15,122.2,soybean,terai
26.6,63.3,32.6,24.6,64.9,6.05,124.8,soybean,terai
19.8,56.1,25.1,33.3,83.6,6.11,138.6,soybean,terai
21.3,54.7,27.8,25.8,71.3,6.03,123.7,soybean,terai
27.8,44.1,37.8,25.2,82.4,5.82,130.0,soybean,terai
23.5,47.4,33.6,33.3,80.0,6.05,133.6,soybean,terai
22.7,42.6,24.8,27.7,74.5,5.49,129.1,soybean,terai
29.5,58.4,27.4,21.5,67.4,5.42,116.7,soybean,hill
24.4,63.7,22.2,27.3,64.5,6.17,79.5,soybean,hill
26.8,55.1,38.0,27.5,61.9,5.92,79.5,soybean,hill
29.4,44.2,36.7,26.3,66.7,6.18,109.9,soybean,hill
25.0,47.2,33.1,24.6,60.8,6.53,99.0,soybean,hill
26.5,46.6,24.6,29.3,73.0,6.63,94.2,soybean,hill
24.1,60.4,28.4,23.4,74.7,6.28,126.5,soybean,hill
20.8,53.9,39.3,25.1,63.6,5.86,116.2,soybean,hill
22.7,49.3,24.4,28.9,71.0,6.29,82.7,soybean,hill
29.6,47.3,25.0,20.6,61.6,5.75,90.7,soybean,hill
27.2,47.2,31.6,23.2,65.3,7.03,94.8,soybean,hill
26.2,38.3,36.8,23.8,70.5,6.25,109.2,soybean,hill
27.0,46.6,34.9,23.1,69.0,6.15,105.2,soybean,hill
23.6,50.4,25.2,25.6,65.2,6.1,99.2,soybean,hill
25.4,45.4,29.4,22.5,77.2,6.7,104.1,soybean,hill
28.5,35.2,18.5,24.0,57.8,6.21,103.1,soybean,hill
27.8,41.5,31.8,25.0,66.8,6.1,120.7,soybean,hill
24.7,63.3,26.4,26.9,64.7,6.18,109.5,soybean,hill
24.1,30.0,16.2,28.2,71.4,7.01,99.7,soybean,hill
21.1,46.9,30.1,22.5,73.6,7.15,107.2,soybean,hill
25.0,40.3,37.0,25.2,63.5,6.48,91.2,soybean,hill
25.4,39.2,34.9,24.7,71.0,6.22,98.0,soybean,hill
21.4,55.7,26.1,23.8,65.0,6.35,74.4,soybean,hill
24.3,56.0,28.3,24.4,65.8,6.25,84.5,soybean,hill
24.9,57.5,25.3,24.1,57.8,6.66,98.6,soybean,hill
22.4,50.7,24.6,22.4,57.4,5.9,120.4,soybean,hill
22.8,53.5,26.2,26.9,59.7,6.31,100.8,soybean,hill
32.0,54.7,27.3,26.7,76.1,5.68,87.4,soybean,hill
24.3,46.9,28.5,21.7,72.3,5.76,97.0,soybean,hill
28.1,49.8,25.6,21.6,63.8,6.01,103.1,soybean,hill
20.8,56.1,30.5,25.5,72.5,6.13,89.1,soybean,hill
23.4,48.6,29.6,22.9,54.5,6.09,105.4,soybean,hill
25.4,59.0,38.8,26.9,72.2,6.59,125.6,soybean,hill
30.6,57.1,33.2,24.5,64.8,6.17,109.3,soybean,hill
22.8,48.6,19.4,29.3,63.9,6.47,121.9,soybean,hill
25.9,60.8,24.4,31.0,70.7,6.38,121.4,soybean,hill
21.5,47.8,36.5,20.3,67.9,6.5,129.5,soybean,hill
20.3,62.1,27.5,23.9,58.6,5.89,106.1,soybean,hill
21.7,55.6,27.0,22.0,62.3,6.43,95.8,soybean,hill
25.1,55.2,34.9,24.2,59.6,6.33,107.1,soybean,hill
82.5,52.0,133.8,30.4,82.6,6.15,118.4,banana,terai
81.0,57.0,146.0,26.5,83.7,5.76,146.8,banana,terai
101.8,54.0,183.3,32.5,82.3,5.93,158.9,banana,terai
114.6,54.6,167.3,31.1,98.5,6.36,160.6,banana,terai
96.9,64.6,145.9,36.2,88.6,5.76,145.2,banana,terai
85.4,65.0,131.5,34.4,78.9,5.95,182.9,banana,terai
74.2,78.2,140.4,31.4,92.0,6.16,162.4,banana,terai
112.0,64.7,189.6,32.6,100.0,6.22,113.7,banana,terai
131.3,54.8,183.6,31.1,95.5,5.66,170.6,banana,terai
97.0,74.2,159.9,33.9,72.8,5.87,165.6,banana,terai
102.7,68.7,141.8,31.2,96.3,5.09,169.8,banana,terai
96.0,51.8,157.6,34.8,95.3,5.85,176.5,banana,terai
110.4,59.2,134.4,29.0,93.9,5.89,131.5,banana,terai
79.8,67.5,137.7,32.0,96.7,5.44,154.9,banana,terai
98.0,63.4,177.9,26.9,92.0,6.27,151.6,banana,terai
98.4,63.8,157.8,32.8,92.0,5.55,179.2,banana,terai
114.0,61.7,116.4,30.6,89.4,5.49,147.6,banana,terai
83.1,65.5,153.7,25.9,90.5,5.88,168.1,banana,terai
95.3,52.8,132.7,29.3,88.1,5.95,151.5,banana,terai
94.9,56.8,206.4,28.6,84.1,7.07,165.9,banana,terai
83.4,67.6,129.5,33.8,86.5,5.74,193.7,banana,terai
106.8,68.8,159.8,29.6,92.3,6.33,159.2,banana,terai
121.6,67.7,154.8,31.8,89.0,5.46,153.9,banana,terai
102.7,56.3,157.6,31.1,93.4,6.13,159.9,banana,terai
83.6,76.1,146.8,30.7,85.6,5.73,192.1,banana,terai
116.6,64.0,147.6,32.9,88.5,5.83,163.9,banana,terai
94.7,62.3,154.6,32.9,83.6,6.15,134.8,banana,terai
93.1,55.2,125.9,34.1,81.2,5.65,185.4,banana,terai
93.2,58.3,127.2,33.6,94.0,6.16,168.6,banana,terai
100.9,55.3,131.7,35.0,93.4,5.65,156.9,banana,terai
96.4,49.8,154.0,29.7,81.3,5.38,119.4,banana,terai
95.5,59.2,130.3,33.0,87.5,6.1,151.7,banana,terai
90.6,61.0,121.6,32.7,81.4,6.23,148.1,banana,terai
112.8,49.9,134.8,32.2,96.2,6.49,157.0,banana,terai
122.1,57.4,174.7,28.1,91.0,5.07,129.8,banana,terai
105.6,48.2,159.6,33.8,84.5,5.56,144.9,banana,terai
88.4,59.1,152.3,30.1,99.8,5.65,188.6,banana,terai
87.5,60.7,176.6,34.5,85.0,6.1,165.9,banana,terai
93.5,65.5,191.9,32.5,92.0,6.14,121.8,banana,terai
105.5,50.8,136.7,37.7,86.2,5.64,183.0,banana,terai
88.6,56.0,178.1,27.1,70.0,6.2,112.9,banana,hill
118.5,54.5,173.7,31.8,74.6,5.93,127.0,banana,hill
89.7,62.4,144.9,26.3,80.3,6.03,122.9,banana,hill
92.8,55.0,147.3,26.9,77.2,6.12,87.3,banana,hill
91.2,57.5,130.7,31.4,80.1,6.06,111.3,banana,hill
99.8,49.1,146.2,24.5,78.2,5.08,99.7,banana,hill
117.6,67.5,179.7,30.7,84.3,5.84,101.3,banana,hill
113.8,60.6,206.1,26.0,92.6,5.94,144.0,banana,hill
120.4,50.8,139.1,24.2,72.1,6.24,116.5,banana,hill
100.6,65.0,108.2,30.5,77.8,6.19,131.2,banana,hill
116.4,59.1,102.2,27.2,81.3,5.63,122.7,banana,hill
95.7,47.9,165.1,25.5,77.4,5.83,142.2,banana,hill
99.5,60.7,140.1,28.2,88.6,6.23,132.4,banana,hill
107.3,47.6,130.3,26.4,75.4,5.62,86.3,banana,hill
83.8,57.7,148.4,24.9,80.5,5.84,139.6,banana,hill
98.1,66.3,154.6,23.2,79.4,5.56,118.1,banana,hill
91.1,63.4,119.8,27.0,83.7,6.33,106.2,banana,hill
100.2,61.7,184.8,23.0,74.2,7.01,115.1,banana,hill
77.3,54.8,87.7,27.7,85.2,5.67,111.5,banana,hill
111.1,44.2,120.3,26.4,75.2,5.89,97.3,banana,hill
102.6,58.7,162.4,27.5,81.3,5.48,128.9,banana,hill
96.0,58.5,173.6,25.1,88.6,6.52,133.6,banana,hill
88.2,40.3,174.3,27.3,75.2,6.42,104.5,banana,hill
94.9,64.7,124.9,26.7,87.0,6.08,142.5,banana,hill
113.6,60.1,97.4,24.0,84.9,5.44,114.1,banana,hill
104.1,73.2,137.1,25.3,79.7,6.13,117.2,banana,hill
112.6,52.8,152.7,28.2,77.4,6.3,122.7,banana,hill
109.5,61.7,158.5,25.3,76.0,6.44,131.4,banana,hill
87.7,61.6,96.6,25.5,86.2,5.95,122.1,banana,hill
63.8,56.5,157.6,28.3,86.2,5.92,117.0,banana,hill
84.0,58.2,121.6,22.0,73.1,6.54,115.1,banana,hill
102.6,55.4,109.7,29.5,66.1,5.8,119.0,banana,hill
102.8,53.5,108.6,24.8,75.2,5.72,137.5,banana,hill
85.4,62.7,153.6,29.6,79.1,6.28,116.9,banana,hill
105.2,46.5,90.6,28.0,82.8,6.17,110.6,banana,hill
117.9,55.9,159.5,28.6,91.0,5.89,108.2,banana,hill
82.0,74.0,159.5,28.2,99.9,6.12,96.6,banana,hill
97.6,51.2,141.1,25.9,76.2,5.5,148.7,banana,hill
103.6,58.0,167.0,28.3,81.8,6.25,122.4,banana,hill
108.0,66.8,153.7,26.4,89.8,5.83,127.0,banana,hill
52.5,36.3,52.7,29.9,65.3,5.57,105.6,mango,terai
51.6,47.6,65.0,22.9,71.5,5.9,125.0,mango,terai
49.9,38.8,59.1,30.9,75.3,6.09,136.1,mango,terai
55.6,44.0,43.9,34.5,65.5,6.36,99.9,mango,terai
42.9,51.9,51.4,34.6,68.6,5.95,116.2,mango,terai
42.2,39.9,50.3,29.8,73.0,6.19,91.0,mango,terai
55.1,40.0,55.1,33.3,67.1,5.67,149.4,mango,terai
49.9,39.5,56.4,34.7,65.1,5.53,105.1,mango,terai
58.0,45.0,57.7,35.3,72.1,6.0,114.1,mango,terai
52.0,35.0,60.0,32.0,58.8,6.03,111.7,mango,terai
56.2,28.9,56.6,29.5,73.2,6.08,148.5,mango,terai
54.0,37.5,62.2,29.9,72.7,5.61,102.5,mango,terai
52.7,47.4,40.2,35.3,67.2,5.41,64.3,mango,terai
40.8,39.9,59.4,33.0,65.0,5.69,109.8,mango,terai
50.2,41.4,52.9,33.8,64.6,5.78,107.5,mango,terai
56.4,39.2,53.7,33.9,79.7,6.18,138.7,mango,terai
56.2,36.4,60.2,27.0,66.9,5.87,109.9,mango,terai
45.5,38.3,64.8,30.6,57.9,5.83,90.3,mango,terai
51.5,43.0,62.3,28.6,69.3,5.93,97.0,mango,terai
54.5,44.9,68.5,29.1,74.4,5.92,128.5,mango,terai
46.9,38.7,38.2,30.1,68.5,5.95,147.8,mango,terai
43.0,36.6,51.9,29.3,73.6,6.64,104.7,mango,terai
45.7,33.1,71.8,34.5,67.4,5.59,94.1,mango,terai
51.0,43.3,41.4,30.0,76.8,6.02,143.1,mango,terai
53.9,33.5,57.4,30.6,62.8,5.75,143.4,mango,terai
44.1,46.5,56.1,30.9,71.1,5.88,127.0,mango,terai
37.7,42.6,37.8,30.3,72.6,6.33,94.2,mango,terai
43.0,35.9,61.7,24.7,67.9,6.21,112.0,mango,terai
53.2,41.3,55.1,25.0,68.7,5.75,106.9,mango,terai
52.9,48.5,59.7,32.7,60.1,6.19,115.9,mango,terai
57.4,36.8,57.8,34.3,67.5,5.69,161.8,mango,terai
43.5,39.6,63.1,31.8,67.0,6.03,112.9,mango,terai
43.3,52.9,58.0,32.9,66.2,5.97,109.0,mango,terai
40.7,39.0,56.3,34.6,61.5,5.89,101.2,mango,terai
58.7,34.8,65.1,34.0,67.2,5.6,93.1,mango,terai
55.2,32.4,63.5,31.4,70.1,6.27,100.6,mango,terai
44.1,44.3,54.3,22.5,71.5,5.72,125.2,mango,terai
58.4,40.1,69.0,31.5,76.6,5.71,116.9,mango,terai
54.0,38.9,70.4,29.7,79.3,6.88,122.0,mango,terai
53.3,47.2,49.3,26.9,74.8,6.2,113.0,mango,terai
80.1,32.1,87.4,21.3,85.9,6.15,195.6,ginger,hill
83.8,38.8,98.0,24.4,88.0,6.54,134.3,ginger,hill
76.3,44.4,92.3,23.0,78.5,6.16,150.3,ginger,hill
70.0,42.3,85.1,20.2,79.7,5.74,158.8,ginger,hill
88.4,49.6,104.3,22.6,79.8,5.6,179.8,ginger,hill
86.8,46.9,97.0,21.1,84.9,5.6,203.0,ginger,hill
80.6,61.4,74.4,19.6,76.1,5.32,142.7,ginger,hill
86.0,50.0,83.5,22.1,76.2,6.37,160.1,ginger,hill
67.3,56.0,87.1,27.7,76.6,6.09,209.2,ginger,hill
75.0,44.4,100.0,24.3,71.0,5.41,111.5,ginger,hill
85.7,48.0,87.8,19.1,73.0,5.63,161.8,ginger,hill
81.1,54.4,120.6,23.0,87.1,5.51,134.8,ginger,hill
76.6,38.0,90.2,21.2,67.5,6.4,165.5,ginger,hill
64.3,56.7,80.2,25.5,75.3,5.61,189.3,ginger,hill
85.7,55.8,88.8,24.2,84.8,5.87,176.1,ginger,hill
66.1,54.5,90.6,22.0,88.2,5.3,224.4,ginger,hill
79.8,52.4,84.7,19.2,79.1,5.92,198.3,ginger,hill
78.1,33.6,69.2,27.7,73.0,6.3,154.8,ginger,hill
78.2,54.7,78.9,26.7,80.5,5.96,172.8,ginger,hill
86.3,61.8,88.2,27.0,76.1,6.07,193.2,ginger,hill
69.7,51.6,90.1,21.0,82.3,5.85,178.0,ginger,hill
79.3,49.3,85.0,23.3,75.9,6.72,141.9,ginger,hill
74.4,46.2,117.5,20.0,82.7,5.89,189.0,ginger,hill
91.9,59.1,83.9,23.4,68.1,5.83,158.6,ginger,hill
78.2,37.4,95.5,19.1,80.9,5.37,157.1,ginger,hill
91.1,54.4,105.5,26.6,75.1,6.32,140.4,ginger,hill
87.2,46.3,77.4,24.4,86.0,6.12,185.8,ginger,hill
81.3,54.0,94.1,24.2,81.3,6.09,136.1,ginger,hill
78.7,39.6,93.7,26.8,77.0,5.84,200.4,ginger,hill
60.1,46.1,94.9,16.3,73.7,6.18,207.1,ginger,hill
83.6,56.6,92.9,24.3,78.0,5.84,162.9,ginger,hill
92.1,61.4,108.6,22.1,73.9,6.24,194.7,ginger,hill
83.2,45.2,95.7,20.5,84.1,6.28,224.0,ginger,hill
86.8,39.6,92.7,27.9,74.4,5.78,218.2,ginger,hill
85.9,68.6,80.1,20.7,87.8,5.38,174.7,ginger,hill
79.4,57.8,98.3,24.1,77.4,6.22,288.7,ginger,hill
86.6,50.7,72.5,21.5,78.6,5.61,179.6,ginger,hill
97.1,59.4,87.9,20.2,88.6,5.78,133.4,ginger,hill
86.8,57.7,57.3,21.1,79.3,6.06,166.1,ginger,hill
72.0,55.5,83.7,24.2,72.9,5.33,200.4,ginger,hill
